product_handle	sku	thumbnail_file	image_files
cbd-tincture-fso	tnc-fs-cbd-500	cbd-tincture/products/tnc-fs-cbd-500/full/TNC_NUTE_LABEL_500mgFSOTincture_FULL_2048x2048.webp	cbd-tincture/products/tnc-fs-cbd-500/full/TNC_NUTE_LABEL_500mgFSOTincture_FULL_2048x2048.webp,cbd-tincture/products/tnc-fs-cbd-500/full/TNC_500FSOTincture_FULL_2048x2048.webp,cbd-tincture/products/tnc-fs-cbd-500/full/TNC_500MGFSO_TINCTURE_WITH_TEA_FULL_2048x2048.webp
cbd-tincture-fso	tnc-fs-cbd-1000	cbd-tincture/products/tnc-fs-cbd-1000/full/TNC_NUTE_LABEL_1000mgFSOTincture_FULL_2048x2048.webp	cbd-tincture/products/tnc-fs-cbd-1000/full/TNC_NUTE_LABEL_1000mgFSOTincture_FULL_2048x2048.webp,cbd-tincture/products/tnc-fs-cbd-1000/full/TNC_INGREDIENTS_1000mgFSO_FULL_2048x2048.webp,cbd-tincture/products/tnc-fs-cbd-1000/full/TNC_1000FSOTincture_FULL_2048x2048.webp,cbd-tincture/products/tnc-fs-cbd-1000/full/TNC_1000mgFSO_WITH_JUICE_FULL_2048x2048.png
cbd-tincture-fso	tnc-fs-cbd-2500	cbd-tincture/products/tnc-fs-cbd-2500/full/TNC_NUTE_LABEL_2500mgFSOTincture_FULL_2048x2048.webp	cbd-tincture/products/tnc-fs-cbd-2500/full/TNC_NUTE_LABEL_2500mgFSOTincture_FULL_2048x2048.webp,cbd-tincture/products/tnc-fs-cbd-2500/full/TNC_2500FSOTincture_FULL_2048x2048.webp
cbd-tincture-fso	tnc-fs-cbd-5000	cbd-tincture/products/tnc-fs-cbd-5000/full/TNC_NUTE_LABEL_5000mgFSOTincture_FULL_2048x2048.webp	cbd-tincture/products/tnc-fs-cbd-5000/full/TNC_NUTE_LABEL_5000mgFSOTincture_FULL_2048x2048.webp,cbd-tincture/products/tnc-fs-cbd-5000/full/TNC_5000FSOTincture_FULL_2048x2048.webp
cbd-tincture-bso	tnc-bs-cbd-500	cbd-tincture/products/tnc-bs-cbd-500/full/TNC_500BSOTincture_FULL_2048x2048.webp	cbd-tincture/products/tnc-bs-cbd-500/full/TNC_500BSOTincture_FULL_2048x2048.webp,cbd-tincture/products/tnc-bs-cbd-500/full/TNC_500mgBSOTincture_FULL_2048x2048.webp
cbd-tincture-bso	tnc-bs-cbd-1000	cbd-tincture/products/tnc-bs-cbd-1000/full/TNC_NUTE_LABEL_1000mgBSOTincture_2048x2048.webp	cbd-tincture/products/tnc-bs-cbd-1000/full/TNC_NUTE_LABEL_1000mgBSOTincture_2048x2048.webp,cbd-tincture/products/tnc-bs-cbd-1000/full/TNC_1000BSOTincture_FULL_2048x2048.webp
cbd-tincture-bso	tnc-bs-cbd-2500	cbd-tincture/products/tnc-bs-cbd-2500/full/TNC_NUTE_LABEL_2500mgBSOTincture_FULL_2048x2048.webp	cbd-tincture/products/tnc-bs-cbd-2500/full/TNC_NUTE_LABEL_2500mgBSOTincture_FULL_2048x2048.webp,cbd-tincture/products/tnc-bs-cbd-2500/full/TNC_2500BSOTincture_FULL_2048x2048.webp
cbd-tincture-bso	tnc-bs-cbd-5000	cbd-tincture/products/tnc-bs-cbd-5000/full/TNC_NUTE_LABEL_5000mgBSOTincture_FULL_2048x2048.webp	cbd-tincture/products/tnc-bs-cbd-5000/full/TNC_NUTE_LABEL_5000mgBSOTincture_FULL_2048x2048.webp,cbd-tincture/products/tnc-bs-cbd-5000/full/TNC_5000BSOTincture_FULL_2048x2048.webp
cbd-capsules-isolate	cap-iso-cbd-25-30ct	cbd-capsules/products/cap-iso-cbd-25-30ct/full/CAP_NUTE_LABEL_25MG_ISO_FULL_2048x2048.webp	cbd-capsules/products/cap-iso-cbd-25-30ct/full/CAP_NUTE_LABEL_25MG_ISO_FULL_2048x2048.webp,cbd-capsules/products/cap-iso-cbd-25-30ct/full/CAP_25MG_ISO_FULL_2048x2048.webp
cbd-capsules-isolate	cap-iso-cbd-50-30ct	cbd-capsules/products/cap-iso-cbd-50-30ct/full/CAP_NUTE_LABEL_50MG_ISO_FULL_2048x2048.webp	cbd-capsules/products/cap-iso-cbd-50-30ct/full/CAP_NUTE_LABEL_50MG_ISO_FULL_2048x2048.webp,cbd-capsules/products/cap-iso-cbd-50-30ct/full/CAP_50MG_ISO_FULL_2048x2048.webp
cbd-gummies-broad-spectrum	gum-bs-cbd-25-4ct	cbd-gummies/products/gum-bs-cbd-25-4ct/full/GUMMY_25MG_BSO_4CT_FRONT_FULL_2048x2048.png	cbd-gummies/products/gum-bs-cbd-25-4ct/full/GUMMY_25MG_BSO_4CT_FRONT_FULL_2048x2048.png,cbd-gummies/products/gum-bs-cbd-25-4ct/full/GUMMY_25MG_BSO_4CT_BACK_FULL_2048x2048.png
cbd-gummies-broad-spectrum	gum-bs-cbd-25-30ct	cbd-gummies/products/gum-bs-cbd-25-30ct/full/GUMMY_25MG_BSO_30CT_FRONT_FULL_2048x2048.webp	cbd-gummies/products/gum-bs-cbd-25-30ct/full/GUMMY_25MG_BSO_30CT_FRONT_FULL_2048x2048.webp,cbd-gummies/products/gum-bs-cbd-25-30ct/full/GUMMY_25MG_BSO_30CT_BACK_FULL_2048x2048.webp,cbd-gummies/products/gum-bs-cbd-25-30ct/full/GUMMY_NUTE_LABEL_25mgBSOGummies_FULL_2048x2048.webp,cbd-gummies/products/gum-bs-cbd-25-30ct/full/GUMMY_INFO_GRAPHICS_25mg_FULL_2048x2048.webp
cbd-gummies-broad-spectrum	gum-bs-cbd-25-100ct	cbd-gummies/products/gum-bs-cbd-25-100ct/full/GUMMY_25MG_BSO_100CT_FRONT_FULL_2048x2048.webp	cbd-gummies/products/gum-bs-cbd-25-100ct/full/GUMMY_25MG_BSO_100CT_FRONT_FULL_2048x2048.webp,cbd-gummies/products/gum-bs-cbd-25-100ct/full/GUMMY_25MG_BSO_100CT_BACK_FULL_2048x2048.webp
cbd-gummies-broad-spectrum	gum-bs-cbd-50-4ct	cbd-gummies/products/gum-bs-cbd-50-4ct/full/GUMMY_50MG_BSO_4CT_FRONT_FULL_2048x2048.png	cbd-gummies/products/gum-bs-cbd-50-4ct/full/GUMMY_50MG_BSO_4CT_FRONT_FULL_2048x2048.png,cbd-gummies/products/gum-bs-cbd-50-4ct/full/GUMMY_50MG_BSO_4CT_BACK_FULL_2048x2048.png
cbd-gummies-broad-spectrum	gum-bs-cbd-50-30ct	cbd-gummies/products/gum-bs-cbd-50-30ct/full/GUMMY_50MG_BSO_30CT_FRONT_FULL_2048x2048.webp	cbd-gummies/products/gum-bs-cbd-50-30ct/full/GUMMY_50MG_BSO_30CT_FRONT_FULL_2048x2048.webp,cbd-gummies/products/gum-bs-cbd-50-30ct/full/GUMMY_50MG_BSO_30CT_BACK_FULL_2048x2048.webp,cbd-gummies/products/gum-bs-cbd-50-30ct/full/GUMMY_NUTE_LABEL_50mgBSOGummies_FULL_2048x2048.webp,cbd-gummies/products/gum-bs-cbd-50-30ct/full/GUMMY_INFO_GRAPHICS_2_50mg_FULL_2048x2048.webp
cbd-gummies-broad-spectrum	gum-bs-cbd-50-100ct	cbd-gummies/products/gum-bs-cbd-50-100ct/full/GUMMY_50MG_BSO_100CT_FRONT_FULL_2048x2048.webp	cbd-gummies/products/gum-bs-cbd-50-100ct/full/GUMMY_50MG_BSO_100CT_FRONT_FULL_2048x2048.webp,cbd-gummies/products/gum-bs-cbd-50-100ct/full/GUMMY_50MG_BSO_100CT_BACK_FULL_2048x2048.webp
cbd-gummies-broad-spectrum-melatonin	gum-bs-cbd-25-4ct-mel	cbd-gummies/products/gum-bs-cbd-25-4ct-mel/full/GUMMY_25MG_BSOPM_4CT_FRONT_FULL_2048x2048.png	cbd-gummies/products/gum-bs-cbd-25-4ct-mel/full/GUMMY_25MG_BSOPM_4CT_FRONT_FULL_2048x2048.png,cbd-gummies/products/gum-bs-cbd-25-4ct-mel/full/GUMMY_25MG_BSOPM_4CT_BACK_FULL_2048x2048.png
cbd-gummies-broad-spectrum-melatonin	gum-bs-cbd-25-30ct-mel	cbd-gummies/products/gum-bs-cbd-25-30ct-mel/full/GUMMY_25MG_BSOPM_30CT_FRONT_FULL_2048x2048.webp	cbd-gummies/products/gum-bs-cbd-25-30ct-mel/full/GUMMY_25MG_BSOPM_30CT_FRONT_FULL_2048x2048.webp,cbd-gummies/products/gum-bs-cbd-25-30ct-mel/full/GUMMY_25MG_BSOPM_30CT_BACK_FULL_2048x2048.webp,cbd-gummies/products/gum-bs-cbd-25-30ct-mel/full/GUMMY_NUTE_LABEL_25mgBSOPMGummies_FULL_2048x2048.webp,cbd-gummies/products/gum-bs-cbd-25-30ct-mel/full/GUMMY_INFO_GRAPHICS_25mg_PM_FULL_2048x2048.webp
cbd-gummies-broad-spectrum-melatonin	gum-bs-cbd-25-100ct-mel	cbd-gummies/products/gum-bs-cbd-25-100ct-mel/full/GUMMY_25MG_BSOPM_4CT_BACK_FULL_2048x2048.png	cbd-gummies/products/gum-bs-cbd-25-100ct-mel/full/GUMMY_25MG_BSOPM_4CT_BACK_FULL_2048x2048.png,cbd-gummies/products/gum-bs-cbd-25-100ct-mel/full/GUMMY_25MG_BSOPM_4CT_FRONT_THUMB_2048x2048.png
cbd-gummies-broad-spectrum-melatonin	gum-bs-cbd-50-4ct-mel	cbd-gummies/products/gum-bs-cbd-50-4ct-mel/full/GUMMY_50MG_BSOPM_4CT_FRONT_FULL_2048x2048.png	cbd-gummies/products/gum-bs-cbd-50-4ct-mel/full/GUMMY_50MG_BSOPM_4CT_FRONT_FULL_2048x2048.png,cbd-gummies/products/gum-bs-cbd-50-4ct-mel/full/GUMMY_50MG_BSOPM_4CT_BACK_FULL_2048x2048.png
cbd-gummies-broad-spectrum-melatonin	gum-bs-cbd-50-30ct-mel	cbd-gummies/products/gum-bs-cbd-50-30ct-mel/full/GUMMY_50MG_BSOPM_30CT_FRONT_FULL_2048x2048.webp	cbd-gummies/products/gum-bs-cbd-50-30ct-mel/full/GUMMY_50MG_BSOPM_30CT_FRONT_FULL_2048x2048.webp,cbd-gummies/products/gum-bs-cbd-50-30ct-mel/full/GUMMY_50MG_BSOPM_30CT_BACK_FULL_2048x2048.webp,cbd-gummies/products/gum-bs-cbd-50-30ct-mel/full/GUMMY_NUTE_LABEL_50mgBSOPMGummies_FULL_2048x2048.webp,cbd-gummies/products/gum-bs-cbd-50-30ct-mel/full/GUMMY_INFO_GRAPHICS_2_50mg_PM_Gummies_FULL_2048x2048.webp
cbd-gummies-broad-spectrum-melatonin	gum-bs-cbd-50-100ct-mel	cbd-gummies/products/gum-bs-cbd-50-100ct-mel/full/GUMMY_50MG_BSOPM_100CT_FRONT_FULL_2048x2048.webp	cbd-gummies/products/gum-bs-cbd-50-100ct-mel/full/GUMMY_50MG_BSOPM_100CT_FRONT_FULL_2048x2048.webp,cbd-gummies/products/gum-bs-cbd-50-100ct-mel/full/GUMMY_50MG_BSOPM_100CT_BACK_FULL_2048x2048.webp
cbg-gummies	gum-bs-cbg-25-4ct	cbg-gummies/products/gum-bs-cbg-25-4ct/full/GUMMY_25MG_BSO_CBG_4CT_FRONT_FULL_2048x2048.webp	cbg-gummies/products/gum-bs-cbg-25-4ct/full/GUMMY_25MG_BSO_CBG_4CT_FRONT_FULL_2048x2048.webp,cbg-gummies/products/gum-bs-cbg-25-4ct/full/GUMMY_25MG_BSO_CBG_4CT_BACK_FULL_2048x2048.webp
cbg-gummies	gum-bs-cbg-25-30ct	cbg-gummies/products/gum-bs-cbg-25-30ct/full/GUMMY_25MG_BSO_CBG_30CT_FRONT_FULL_2048x2048.webp	cbg-gummies/products/gum-bs-cbg-25-30ct/full/GUMMY_25MG_BSO_CBG_30CT_FRONT_FULL_2048x2048.webp,cbg-gummies/products/gum-bs-cbg-25-30ct/full/GUMMY_NUTE_LABEL_25mgCBGGummies_FULL_2048x2048.webp,cbg-gummies/products/gum-bs-cbg-25-30ct/full/GUMMY_25MG_BSO_CBG_30CT_BACK_THUMB_2048x2048.webp
cbg-gummies	gum-bs-cbg-25-100ct	cbg-gummies/products/gum-bs-cbg-25-100ct/full/GUMMY_25MG_CBG_100CT_FRONT_FULL_2048x2048.webp	cbg-gummies/products/gum-bs-cbg-25-100ct/full/GUMMY_25MG_CBG_100CT_FRONT_FULL_2048x2048.webp,cbg-gummies/products/gum-bs-cbg-25-100ct/full/GUMMY_25MG_CBG_100CT_BACK_THUMB_2048x2048.webp
cbg-gummies-b12	gum-bs-cbg-25-4ct-b12	cbg-gummies/products/gum-bs-cbg-25-4ct-b12/full/GUMMY_25MG_BSO_CBGB12_4CT_FRONT_FULL_2048x2048.webp	cbg-gummies/products/gum-bs-cbg-25-4ct-b12/full/GUMMY_25MG_BSO_CBGB12_4CT_FRONT_FULL_2048x2048.webp,cbg-gummies/products/gum-bs-cbg-25-4ct-b12/full/GUMMY_25MG_BSO_CBGB12_4CT_BACK_FULL_2048x2048.webp
cbg-gummies-b12	gum-bs-cbg-25-30ct-b12	cbg-gummies/products/gum-bs-cbg-25-30ct-b12/full/GUMMY_25MG_CBGB12_30CT_FRONT_FULL_2048x2048.webp	cbg-gummies/products/gum-bs-cbg-25-30ct-b12/full/GUMMY_25MG_CBGB12_30CT_FRONT_FULL_2048x2048.webp,cbg-gummies/products/gum-bs-cbg-25-30ct-b12/full/GUMMY_25MG_CBGB12_30CT_BACK_FULL_2048x2048.webp,cbg-gummies/products/gum-bs-cbg-25-30ct-b12/full/GUMMY_CBGB12_GYM_FULL_2048x2048.webp,cbg-gummies/products/gum-bs-cbg-25-30ct-b12/full/GUMMY_CBGB12_LAPTOP_POUR_FULL_2048x2048.png
cbg-gummies-b12	gum-bs-cbg-25-100ct-b12	cbg-gummies/products/gum-bs-cbg-25-100ct-b12/full/GUMMY_25MG_CBGB12_100CT_FRONT_FULL_2048x2048.webp	cbg-gummies/products/gum-bs-cbg-25-100ct-b12/full/GUMMY_25MG_CBGB12_100CT_FRONT_FULL_2048x2048.webp,cbg-gummies/products/gum-bs-cbg-25-100ct-b12/full/GUMMY_25MG_CBGB12_100CT_BACK_FULL_2048x2048.webp
cbd-isolate-salve	sal-iso-cbd-500-1oz	cbd-topicals/products/sal-iso-cbd-500-1oz/full/PROLEVE_WEB_LABELS_500mg_THC_Free_ISO_salve_2048x2048.webp	cbd-topicals/products/sal-iso-cbd-500-1oz/full/PROLEVE_WEB_LABELS_500mg_THC_Free_ISO_salve_2048x2048.webp,cbd-topicals/products/sal-iso-cbd-500-1oz/full/CBDSalve500mg1oz_32ae383c-4573-4f3a-87da-f9a7e14de259_2048x2048.webp
cbd-isolate-salve	sal-iso-cbd-100-5g	cbd-topicals/products/sal-iso-cbd-100-5g/full/100mgCBDIsolateSalve_2048x2048.webp	cbd-topicals/products/sal-iso-cbd-100-5g/full/100mgCBDIsolateSalve_2048x2048.webp
cbd-isolate-lotion	lot-iso-cbd-500-6oz	cbd-topicals/products/lot-iso-cbd-500-6oz/full/PROLEVE_WEB_LABELS_500mg_THC_Free_ISO_Hand_Body_Lotion_2048x2048.webp	cbd-topicals/products/lot-iso-cbd-500-6oz/full/PROLEVE_WEB_LABELS_500mg_THC_Free_ISO_Hand_Body_Lotion_2048x2048.webp,cbd-topicals/products/lot-iso-cbd-500-6oz/full/HandBodyLotion1_2048x2048.webp
cbd-full-spectrum-salve	sal-fs-cbd-500-1oz	cbd-topicals/products/sal-fs-cbd-500-1oz/full/PROLEVE_WEB_LABELS_500mg_FSO_Salve_2048x2048.webp	cbd-topicals/products/sal-fs-cbd-500-1oz/full/PROLEVE_WEB_LABELS_500mg_FSO_Salve_2048x2048.webp,cbd-topicals/products/sal-fs-cbd-500-1oz/full/CBDFSOSalve500mg1oz_d7befeba-4279-4c0e-b2c3-0f7c791a7b52_2048x2048.webp
cbd-full-spectrum-salve	sal-fs-cbd-100-5g	cbd-topicals/products/sal-fs-cbd-100-5g/full/100mgCBDFullSpectrumSalve_2048x2048.webp	cbd-topicals/products/sal-fs-cbd-100-5g/full/100mgCBDFullSpectrumSalve_2048x2048.webp
cbd-cooling-roll-on-bso	rol-bs-cbd-2000-cool	cbd-topicals/products/rol-bs-cbd-2000-cool/full/PROLEVE_WEB_LABELS_2000mg_BSO_Cooling_Roll_On_2048x2048.webp	cbd-topicals/products/rol-bs-cbd-2000-cool/full/PROLEVE_WEB_LABELS_2000mg_BSO_Cooling_Roll_On_2048x2048.webp,cbd-topicals/products/rol-bs-cbd-2000-cool/full/PROLEVE-ROLLON-INFO-GRAPHICS_cooling-checks_2048x2048.webp,cbd-topicals/products/rol-bs-cbd-2000-cool/full/CBDBSOCoolingRollon2000mg3oz1_2048x2048.webp,cbd-topicals/products/rol-bs-cbd-2000-cool/full/COOLING-ROLL-ON-D_2048x2048.webp
cbd-cooling-roll-on-bso	rol-bs-cbd-2000-cool-6ct	cbd-topicals/products/rol-bs-cbd-2000-cool-6ct/full/PROLEVE_WEB_LABELS_2000mg_BSO_Cooling_Roll_On_2048x2048.webp	cbd-topicals/products/rol-bs-cbd-2000-cool-6ct/full/PROLEVE_WEB_LABELS_2000mg_BSO_Cooling_Roll_On_2048x2048.webp,cbd-topicals/products/rol-bs-cbd-2000-cool-6ct/full/PROLEVE-ROLLON-INFO-GRAPHICS_cooling-checks_2048x2048.webp,cbd-topicals/products/rol-bs-cbd-2000-cool-6ct/full/CBDBSOCoolingRollon2000mg3oz1_2048x2048.webp,cbd-topicals/products/rol-bs-cbd-2000-cool-6ct/full/COOLING-ROLL-ON-D_2048x2048.webp
cbd-warming-roll-on-bso	rol-bs-cbd-2000-warm	cbd-topicals/products/rol-bs-cbd-2000-warm/full/PROLEVE_WEB_LABELS_2000mg_BSO_Warming_Roll_On_2048x2048.webp	cbd-topicals/products/rol-bs-cbd-2000-warm/full/PROLEVE_WEB_LABELS_2000mg_BSO_Warming_Roll_On_2048x2048.webp,cbd-topicals/products/rol-bs-cbd-2000-warm/full/PROLEVE-ROLLON-INFO-GRAPHICS_warming-bullets_1_2048x2048.webp,cbd-topicals/products/rol-bs-cbd-2000-warm/full/PROLEVE-ROLLON-INFO-GRAPHICS_warming-checks_1_2048x2048.webp,cbd-topicals/products/rol-bs-cbd-2000-warm/full/CBDBSOWarmingRollon2000mg3oz1_2048x2048.webp
cbd-warming-roll-on-bso	rol-bs-cbd-2000-warm-6ct	cbd-topicals/products/rol-bs-cbd-2000-warm-6ct/full/PROLEVE_WEB_LABELS_2000mg_BSO_Warming_Roll_On_2048x2048.webp	cbd-topicals/products/rol-bs-cbd-2000-warm-6ct/full/PROLEVE_WEB_LABELS_2000mg_BSO_Warming_Roll_On_2048x2048.webp,cbd-topicals/products/rol-bs-cbd-2000-warm-6ct/full/PROLEVE-ROLLON-INFO-GRAPHICS_warming-bullets_1_2048x2048.webp,cbd-topicals/products/rol-bs-cbd-2000-warm-6ct/full/PROLEVE-ROLLON-INFO-GRAPHICS_warming-checks_1_2048x2048.webp,cbd-topicals/products/rol-bs-cbd-2000-warm-6ct/full/CBDBSOWarmingRollon2000mg3oz1_2048x2048.webp
cbd-bath-bombs	bat-cbd-35-calm	cbd-topicals/products/bat-cbd-35-calm/full/35mgRestorativeCitrusBathBomb_1_2048x2048.webp	cbd-topicals/products/bat-cbd-35-calm/full/35mgRestorativeCitrusBathBomb_1_2048x2048.webp
cbd-bath-bombs	bat-cbd-35-soothe	cbd-topicals/products/bat-cbd-35-soothe/full/35mgSoothingBathBomb_66d7055d-891b-4baf-97a0-22e270aa46fe_2048x2048.webp	cbd-topicals/products/bat-cbd-35-soothe/full/35mgSoothingBathBomb_66d7055d-891b-4baf-97a0-22e270aa46fe_2048x2048.webp
cbd-bath-bombs	bat-cbd-100-pure	cbd-topicals/products/bat-cbd-100-pure/full/100mgCalmingJasmineBathBomb_2048x2048.webp	cbd-topicals/products/bat-cbd-100-pure/full/100mgCalmingJasmineBathBomb_2048x2048.webp
thc-gummies	d9-gum-12-10ct	thc-gummies/products/d9-gum-12-10ct/full/GUM_D9_12MG_10CT_FRONT_FULL_2048x2048.webp	thc-gummies/products/d9-gum-12-10ct/full/GUM_D9_12MG_10CT_FRONT_FULL_2048x2048.webp,thc-gummies/products/d9-gum-12-10ct/full/GUM_D9_12MG_10CT_BACK_FULL_2048x2048.webp,thc-gummies/products/d9-gum-12-10ct/full/GUM_NUTE_LABEL_D9_12MG_10CT_FULL_2048x2048.webp
thc-gummies	d9-gum-12-30ct	thc-gummies/products/d9-gum-12-30ct/full/GUM_NUTE_LABEL_D9_12MG_30CT_FULL_2048x2048.webp	thc-gummies/products/d9-gum-12-30ct/full/GUM_NUTE_LABEL_D9_12MG_30CT_FULL_2048x2048.webp,thc-gummies/products/d9-gum-12-30ct/full/GUM_D9_12MG_30CT_FULL_2048x2048.webp
thc-gummies	d9-gum-12-100ct	thc-gummies/products/d9-gum-12-100ct/full/GUM_D9_12MG_100CT_FRONT_FULL_2048x2048.webp	thc-gummies/products/d9-gum-12-100ct/full/GUM_D9_12MG_100CT_FRONT_FULL_2048x2048.webp,thc-gummies/products/d9-gum-12-100ct/full/GUM_D9_12MG_100CT_BACK_FULL_2048x2048.webp
thc-gummies	d9-gum-30-4ct	thc-gummies/products/d9-gum-30-4ct/full/GUM_NUTE_LABEL_D9_30MG_4CT_FULL_2048x2048.webp	thc-gummies/products/d9-gum-30-4ct/full/GUM_NUTE_LABEL_D9_30MG_4CT_FULL_2048x2048.webp,thc-gummies/products/d9-gum-30-4ct/full/GUM_D9_30MG_4CT_FULL_2048x2048.webp
thc-gummies	d9-gum-30-30ct	thc-gummies/products/d9-gum-30-30ct/full/GUM_NUTE_LABEL_D9_30MG_30CT_FULL_2048x2048.webp	thc-gummies/products/d9-gum-30-30ct/full/GUM_NUTE_LABEL_D9_30MG_30CT_FULL_2048x2048.webp,thc-gummies/products/d9-gum-30-30ct/full/GUM_D9_30MG_30CT_FULL_2048x2048.webp
thc-gummies	d9-gum-50-2ct	thc-gummies/products/d9-gum-50-2ct/full/GUM_D9_50MG_2CT_FRONT_FULL_2048x2048.webp	thc-gummies/products/d9-gum-50-2ct/full/GUM_D9_50MG_2CT_FRONT_FULL_2048x2048.webp,thc-gummies/products/d9-gum-50-2ct/full/GUM_D9_50MG_2CT_BACK_FULL_2048x2048.webp
thc-gummies	d9-gum-50-20ct	thc-gummies/products/d9-gum-50-20ct/full/GUM_D9_50MG_20CT_FRONT_FULL_2048x2048.webp	thc-gummies/products/d9-gum-50-20ct/full/GUM_D9_50MG_20CT_FRONT_FULL_2048x2048.webp,thc-gummies/products/d9-gum-50-20ct/full/GUM_D9_50MG_20CT_BACK_FULL_2048x2048.webp
thc-drink-additives-4oz	d9-drk-420-bluerazz	thc-drinks/products/d9-drk-420-bluerazz/full/DRK_D9_420MG_BLUERAZZ_FRONT_FULL_2048x2048.webp	thc-drinks/products/d9-drk-420-bluerazz/full/DRK_D9_420MG_BLUERAZZ_FRONT_FULL_2048x2048.webp,thc-drinks/products/d9-drk-420-bluerazz/full/DRK_NUTE_LABEL_D9_420MG_BLUERAZZ_FULL_2048x2048.webp
thc-drink-additives-4oz	d9-drk-420-trop	thc-drinks/products/d9-drk-420-trop/full/DRK_D9_420MG_TROP_FRONT_FULL_2048x2048.webp	thc-drinks/products/d9-drk-420-trop/full/DRK_D9_420MG_TROP_FRONT_FULL_2048x2048.webp,thc-drinks/products/d9-drk-420-trop/full/DRK_NUTE_LABEL_D9_420MG_TROP_FULL_2048x2048.webp
thc-drink-additives-4oz	d9-drk-420-pine	thc-drinks/products/d9-drk-420-pine/full/DRK_D9_420MG_PINE_FRONT_FULL_2048x2048.webp	thc-drinks/products/d9-drk-420-pine/full/DRK_D9_420MG_PINE_FRONT_FULL_2048x2048.webp,thc-drinks/products/d9-drk-420-pine/full/DRK_NUTE_LABEL_D9_420MG_PINE_FULL_2048x2048.webp
thc-drink-additives-4oz	d9-drk-420-bcherry	thc-drinks/products/d9-drk-420-bcherry/full/DRK_D9_420MG_BLKCHR_FRONT_Resized_FULL_2048x2048.webp	thc-drinks/products/d9-drk-420-bcherry/full/DRK_D9_420MG_BLKCHR_FRONT_Resized_FULL_2048x2048.webp,thc-drinks/products/d9-drk-420-bcherry/full/DRK_NUTE_LABEL_D9_420MG_BLKCHR_FULL_2048x2048.webp
thc-drink-additives-4oz	d9-drk-420-bloodorg	thc-drinks/products/d9-drk-420-bloodorg/full/DRK_D9_420MG_BLDORG_FRONT_FULL_2048x2048.webp	thc-drinks/products/d9-drk-420-bloodorg/full/DRK_D9_420MG_BLDORG_FRONT_FULL_2048x2048.webp,thc-drinks/products/d9-drk-420-bloodorg/full/DRK_NUTE_LABEL_D9_420MG_BLOODORG_FULL_2048x2048.webp
thc-drink-additives-4oz	d9-drk-420-watermel	thc-drinks/products/d9-drk-420-watermel/full/DRK_D9_420MG_WATERMEL_FRONT_FULL_2048x2048.webp	thc-drinks/products/d9-drk-420-watermel/full/DRK_D9_420MG_WATERMEL_FRONT_FULL_2048x2048.webp,thc-drinks/products/d9-drk-420-watermel/full/DRK_NUTE_LABEL_D9_420MG_WATERMEL_FULL_2048x2048.webp
thc-drink-shots-50mg-40ct	d9-drk-50-bluerazz-40ct	thc-drinks/products/d9-drk-50-bluerazz-40ct/full/DRK_50mg_Delta_9_shot_single_FULL_2048x2048.webp	thc-drinks/products/d9-drk-50-bluerazz-40ct/full/DRK_50mg_Delta_9_shot_single_FULL_2048x2048.webp,thc-drinks/products/d9-drk-50-bluerazz-40ct/full/DRK_blue_razz_display_case_FULL_2048x2048.webp
thc-drink-shots-50mg-40ct	d9-drk-50-pine-40ct	thc-drinks/products/d9-drk-50-pine-40ct/full/DRK_50mg_D9_THC_Shot_Pineapple_40ct_Box_FULL_2048x2048.webp	thc-drinks/products/d9-drk-50-pine-40ct/full/DRK_50mg_D9_THC_Shot_Pineapple_40ct_Box_FULL_2048x2048.webp,thc-drinks/products/d9-drk-50-pine-40ct/full/DRK_50mgD9PineapplePacket_Single_FULL_2048x2048.webp
thc-drink-shots-50mg-40ct	d9-drk-50-trop-40ct	thc-drinks/products/d9-drk-50-trop-40ct/full/DRK_50mgD9TropicalPacket_FULL_2048x2048.webp	thc-drinks/products/d9-drk-50-trop-40ct/full/DRK_50mgD9TropicalPacket_FULL_2048x2048.webp,thc-drinks/products/d9-drk-50-trop-40ct/full/DRK_Tropical_Box_FULL_2048x2048.webp
thc-drink-shots-50mg-40ct	d9-drk-50-pinklem-40ct	thc-drinks/products/d9-drk-50-pinklem-40ct/full/DRK_50mg_D9_Pink_Lemonade_Packet_Shot_Single_FULL_2048x2048.webp	thc-drinks/products/d9-drk-50-pinklem-40ct/full/DRK_50mg_D9_Pink_Lemonade_Packet_Shot_Single_FULL_2048x2048.webp,thc-drinks/products/d9-drk-50-pinklem-40ct/full/DRK_50mg_D9_Pink_Lemonade_Shot_40ct_Box_FULL_2048x2048.webp
thc-drink-shots-50mg-1ct	d9-drk-50-bluerazz-1ct	thc-drinks/products/d9-drk-50-bluerazz-1ct/full/DRK_D9_50MG_BLUERAZZ_SINGLE_FULL_2048x2048.webp	thc-drinks/products/d9-drk-50-bluerazz-1ct/full/DRK_D9_50MG_BLUERAZZ_SINGLE_FULL_2048x2048.webp
thc-drink-shots-50mg-1ct	d9-drk-50-pinklem-1ct	thc-drinks/products/d9-drk-50-pinklem-1ct/full/DRK_D9_50MG_PINKLEM_SINGLE_FULL_2048x2048.webp	thc-drinks/products/d9-drk-50-pinklem-1ct/full/DRK_D9_50MG_PINKLEM_SINGLE_FULL_2048x2048.webp
thc-drink-shots-50mg-1ct	d9-drk-50-trop-1ct	thc-drinks/products/d9-drk-50-trop-1ct/full/DRK_D9_50MG_TROP_SINGLE_FULL_2048x2048.webp	thc-drinks/products/d9-drk-50-trop-1ct/full/DRK_D9_50MG_TROP_SINGLE_FULL_2048x2048.webp
thc-drink-shots-50mg-1ct	d9-drk-50-pine-1ct	thc-drinks/products/d9-drk-50-pine-1ct/full/DRK_D9_50MG_PINE_SINGLE_FULL_2048x2048.webp	thc-drinks/products/d9-drk-50-pine-1ct/full/DRK_D9_50MG_PINE_SINGLE_FULL_2048x2048.webp
thc-cereal-bars	d9-cer-160-lucky	thc-cereal-bars/products/d9-cer-160-lucky/full/BAKED_160MG_D9_LKYBAR_FRONT_FULL_2048x2048.webp	thc-cereal-bars/products/d9-cer-160-lucky/full/BAKED_160MG_D9_LKYBAR_FRONT_FULL_2048x2048.webp,thc-cereal-bars/products/d9-cer-160-lucky/full/BAKED_160MG_D9_LKYBAR_BACK_FULL_2048x2048.webp
thc-cereal-bars	d9-cer-160-cinn	thc-cereal-bars/products/d9-cer-160-cinn/full/BAKED_160MG_D9_CINNBAR_FRONT_FULL_2048x2048.webp	thc-cereal-bars/products/d9-cer-160-cinn/full/BAKED_160MG_D9_CINNBAR_FRONT_FULL_2048x2048.webp,thc-cereal-bars/products/d9-cer-160-cinn/full/BAKED_160MG_D9_CINNBAR_BACK_FULL_2048x2048.webp
thc-cereal-bars	d9-cer-160-cocoa	thc-cereal-bars/products/d9-cer-160-cocoa/full/BAKED_160MG_D9_COCOBAR_FRONT_FULL_2048x2048.webp	thc-cereal-bars/products/d9-cer-160-cocoa/full/BAKED_160MG_D9_COCOBAR_FRONT_FULL_2048x2048.webp,thc-cereal-bars/products/d9-cer-160-cocoa/full/BAKED_160MG_D9_COCOBAR_BACK_FULL_2048x2048.webp
thc-cereal-bars	d9-cer-160-rice	thc-cereal-bars/products/d9-cer-160-rice/full/BAKED_160MG_D9_MARSHBAR_FRONT_FULL_2048x2048.webp	thc-cereal-bars/products/d9-cer-160-rice/full/BAKED_160MG_D9_MARSHBAR_FRONT_FULL_2048x2048.webp,thc-cereal-bars/products/d9-cer-160-rice/full/BAKED_160MG_D9_MARSHBAR_BACK_FULL_2048x2048.webp
thc-cereal-bars	d9-cer-160-apple	thc-cereal-bars/products/d9-cer-160-apple/full/BAKED_160MG_D9_APPBAR_FRONT_FULL_2048x2048.webp	thc-cereal-bars/products/d9-cer-160-apple/full/BAKED_160MG_D9_APPBAR_FRONT_FULL_2048x2048.webp,thc-cereal-bars/products/d9-cer-160-apple/full/BAKED_160MG_D9_APPBAR_BACK_FULL_2048x2048.webp
thc-cereal-bars	d9-cer-160-reeses	thc-cereal-bars/products/d9-cer-160-reeses/full/BAKED_160MG_D9_PBBAR_FRONT_FULL_2048x2048.webp	thc-cereal-bars/products/d9-cer-160-reeses/full/BAKED_160MG_D9_PBBAR_FRONT_FULL_2048x2048.webp,thc-cereal-bars/products/d9-cer-160-reeses/full/BAKED_160MG_D9_PBBAR_BACK_FULL_2048x2048.webp
thc-cereal-bars	d9-cer-160-fruit	thc-cereal-bars/products/d9-cer-160-fruit/full/BAKED_160MG_D9_FRTYBAR_FRONT_FULL_2048x2048.webp	thc-cereal-bars/products/d9-cer-160-fruit/full/BAKED_160MG_D9_FRTYBAR_FRONT_FULL_2048x2048.webp,thc-cereal-bars/products/d9-cer-160-fruit/full/BAKED_160MG_D9_FRTYBAR_BACK_FULL_2048x2048.webp
thc-chocolate-chunk-cookie	d9-coo-100-chocchunk	thc-baked-goods/products/d9-coo-100-chocchunk/full/BAKED_100MG_D9_CCHIPCK_FRONT_FULL_2048x2048.webp	thc-baked-goods/products/d9-coo-100-chocchunk/full/BAKED_100MG_D9_CCHIPCK_FRONT_FULL_2048x2048.webp,thc-baked-goods/products/d9-coo-100-chocchunk/full/BAKED_100MG_D9_CCHIPCK_BACK_FULL_2048x2048.png
thc-chocolate-brownie	d9-brn-320-brownie	thc-baked-goods/products/d9-brn-320-brownie/full/BAKED_320MG_D9_BROWNIE_FRONT_FULL_2048x2048.webp	thc-baked-goods/products/d9-brn-320-brownie/full/BAKED_320MG_D9_BROWNIE_FRONT_FULL_2048x2048.webp,thc-baked-goods/products/d9-brn-320-brownie/full/BAKED_320MG_D9_BROWNIE_BACK_FULL_2048x2048.png
